floy_id,species,mussel_id,X4.28.2017,X4.29.2017,X4.30.2017,X8.1.2017,X8.2.2017,X8.3.2017,X11.10.2017,X11.11.2017,X11.12.2017,X4.20.2018,X4.21.2018,X4.22.2018,X8.10.2018,X8.11.2018,X8.12.2018
A,QUHO,A-QUHO,0,0,1,1,1,1,0,0,0,0,0,0,0,0,0
G018G018,QUHO,G018G018-QUHO,0,0,0,0,0,0,0,0,0,0,0,0,0,0,1
G035G035,QUHO,G035G035-QUHO,0,0,0,0,0,0,0,0,0,0,0,0,0,1,1
G064G064,QUHO,G064G064-QUHO,0,0,0,0,0,0,0,0,0,0,0,0,0,1,0
G094G094,QUHO,G094G094-QUHO,0,0,0,0,0,0,0,0,0,0,0,0,0,1,0
H,QUHO,H-QUHO,0,0,0,1,1,0,0,0,0,0,0,0,0,0,0
I,QUHO,I-QUHO,0,0,0,1,1,1,0,0,0,0,0,0,0,0,0
J,QUHO,J-QUHO,0,0,0,1,0,0,0,0,0,0,0,0,0,0,0
L,QUHO,L-QUHO,0,0,0,0,0,1,0,0,0,0,0,0,0,0,0
N,QUHO,N-QUHO,0,0,0,1,0,0,0,0,0,0,0,0,0,0,0
O004,QUHO,O004-QUHO,0,0,0,0,0,0,0,0,1,1,1,0,0,0,0
O010,QUHO,O010-QUHO,0,0,0,0,0,0,0,0,1,0,1,1,1,0,1
O013,QUHO,O013-QUHO,0,0,0,0,0,0,0,0,1,1,1,1,1,0,1
W139,QUPE,W139-QUPE,0,0,0,1,1,0,0,0,0,0,0,0,0,0,0
W149,QUPE,W149-QUPE,0,0,0,1,1,0,0,0,0,0,0,0,0,0,0
W159,QUPE,W159-QUPE,0,0,0,1,1,0,0,0,0,0,0,0,0,0,0
W169,QUHO,W169-QUHO,0,0,0,1,1,1,0,0,0,0,0,0,0,0,0
W171,QUPE,W171-QUPE,0,0,0,1,1,0,0,0,0,0,0,0,0,0,0
W172,QUPE,W172-QUPE,0,0,0,1,1,1,0,0,0,0,0,0,0,0,0
W173,QUPE,W173-QUPE,0,0,0,1,1,1,0,0,0,0,0,0,0,0,0
W174,QUPE,W174-QUPE,0,0,0,1,1,1,0,0,0,0,0,0,0,0,0
W175,QUPE,W175-QUPE,0,0,0,1,1,1,0,0,0,0,0,0,0,0,0
W177,QUPE,W177-QUPE,0,0,0,1,1,1,0,0,0,0,0,0,0,0,0
W178,QUPE,W178-QUPE,0,0,0,1,1,1,0,0,0,0,0,0,0,0,0
W179,QUHO,W179-QUHO,0,0,0,1,1,0,0,0,0,0,0,0,0,0,0
W189,QUHO,W189-QUHO,0,0,0,1,0,0,0,0,0,0,0,0,0,0,0
W200,QUPE,W200-QUPE,0,0,0,1,1,0,0,0,0,0,0,0,0,0,0
W201,QUHO,W201-QUHO,0,0,0,1,1,1,0,0,0,0,0,0,0,0,0
W202,QUHO,W202-QUHO,0,0,0,1,1,1,0,0,0,0,0,0,0,0,0
W203,QUHO,W203-QUHO,0,0,0,1,1,0,0,0,0,0,0,0,0,0,0
W204,QUHO,W204-QUHO,0,0,0,1,1,0,0,0,0,0,0,0,0,0,0
W205,QUHO,W205-QUHO,0,0,0,1,1,1,1,1,1,0,0,0,0,0,0
W206,QUPE,W206-QUPE,0,0,0,1,1,0,0,0,0,0,0,0,0,0,0
W207,QUHO,W207-QUHO,0,0,0,1,1,1,0,0,0,0,0,0,0,0,0
W210,QUHO,W210-QUHO,0,0,0,1,1,1,0,0,0,0,0,0,0,0,0
W211,QUHO,W211-QUHO,0,0,0,1,1,1,0,0,0,0,0,0,0,0,0
W212,QUHO,W212-QUHO,0,0,0,1,1,1,0,0,0,0,0,0,0,0,0
W213,QUHO,W213-QUHO,0,0,0,1,1,1,0,0,0,0,0,0,0,0,0
W214,QUHO,W214-QUHO,0,0,0,1,1,1,0,0,0,0,0,0,0,0,0
W215,QUHO,W215-QUHO,0,0,0,1,1,0,0,0,0,0,0,0,0,0,0
W216,QUHO,W216-QUHO,0,0,0,1,1,0,0,0,0,0,0,0,0,0,0
W217,QUHO,W217-QUHO,0,0,0,1,1,1,0,0,0,0,0,0,0,0,0
W219,QUHO,W219-QUHO,0,0,0,1,1,0,0,0,0,0,0,0,0,0,0
W220,QUHO,W220-QUHO,0,0,0,1,1,1,0,0,0,0,0,0,0,0,0
W221,QUHO,W221-QUHO,0,0,0,1,0,0,0,0,0,0,0,0,0,0,0
W222,QUHO,W222-QUHO,0,0,0,1,0,1,0,0,0,0,0,0,0,0,0
W223,QUHO,W223-QUHO,0,0,0,1,1,1,0,0,0,0,0,0,0,0,0
W224,QUHO,W224-QUHO,0,0,0,1,1,0,0,0,0,0,0,0,0,0,0
W225,QUHO,W225-QUHO,0,0,0,1,0,1,0,0,0,0,0,0,0,0,0
W226,QUHO,W226-QUHO,0,0,0,1,1,1,0,0,0,0,0,0,0,0,0
W227,QUHO,W227-QUHO,0,0,0,1,1,1,0,0,0,0,0,0,0,0,0
W230,QUPE,W230-QUPE,0,0,0,1,1,0,0,0,0,0,0,0,0,0,0
W231,QUHO,W231-QUHO,0,0,0,1,1,1,0,0,0,0,0,0,0,0,0
W236,QUHO,W236-QUHO,0,0,0,0,1,1,0,0,0,0,0,0,0,0,0
W301,QUPE,W301-QUPE,0,0,0,1,1,1,0,0,0,0,0,0,0,0,0
W307,QUHO,W307-QUHO,0,0,0,0,1,1,0,0,0,0,0,0,0,0,0
W308,QUHO,W308-QUHO,0,0,0,0,1,1,0,0,0,0,0,0,0,0,0
W309,QUHO,W309-QUHO,0,0,0,1,1,0,0,0,0,0,0,0,0,0,0
W317,QUHO,W317-QUHO,0,0,0,0,1,0,0,0,0,0,0,0,0,0,0
W318,QUPE,W318-QUPE,0,0,0,0,1,1,0,0,0,0,0,0,0,0,0
W327,QUPE,W327-QUPE,0,0,0,0,1,0,0,0,0,0,0,0,0,0,0
W328,QUHO,W328-QUHO,0,0,0,0,1,1,0,0,0,0,0,0,0,0,0
W336,QUPE,W336-QUPE,0,0,0,0,1,1,0,0,0,0,0,0,0,0,0
W337,QUHO,W337-QUHO,0,0,0,0,1,0,0,0,0,0,0,0,0,0,0
W338,QUHO,W338-QUHO,0,0,0,0,1,0,0,0,0,0,0,0,0,0,0
W346,QUHO,W346-QUHO,0,0,0,0,1,0,0,0,0,0,0,0,0,0,0
W347,QUPE,W347-QUPE,0,0,0,0,1,1,0,0,0,0,0,0,0,0,0
W348,QUHO,W348-QUHO,0,0,0,0,1,1,0,0,0,0,0,0,0,0,0
W354,QUHO,W354-QUHO,0,0,0,1,1,1,0,0,0,0,0,0,0,0,0
W356,QUHO,W356-QUHO,0,0,0,0,1,1,0,0,0,0,0,0,0,0,0
W357,QUHO,W357-QUHO,0,0,0,0,1,1,0,0,0,0,0,0,0,0,0
W358,QUHO,W358-QUHO,0,0,0,0,1,1,0,0,0,0,0,0,0,0,0
W366,QUPE,W366-QUPE,0,0,0,0,1,0,0,0,0,0,0,0,0,0,0
W367,QUHO,W367-QUHO,0,0,0,0,1,1,0,0,0,0,0,0,0,0,0
W368,QUHO,W368-QUHO,0,0,0,0,1,1,0,0,0,0,0,0,0,0,0
W376,QUPE,W376-QUPE,0,0,0,0,1,0,0,0,0,0,0,0,0,0,0
W377,QUPE,W377-QUPE,0,0,0,0,1,1,0,0,0,0,0,0,0,0,0
W378,QUPE,W378-QUPE,0,0,0,0,1,1,0,0,0,0,0,0,0,0,0
W386,QUHO,W386-QUHO,0,0,0,0,1,1,0,0,0,0,0,0,0,0,0
W387,QUHO,W387-QUHO,0,0,0,0,1,1,0,0,0,0,0,0,0,0,0
W396,QUPE,W396-QUPE,0,0,0,0,1,1,0,0,0,0,0,0,0,0,0
W397,QUHO,W397-QUHO,0,0,0,0,1,1,0,0,0,0,0,0,0,0,0
W398,QUHO,W398-QUHO,0,0,0,0,1,1,0,0,0,0,0,0,0,0,0
W411,QUHO,W411-QUHO,0,0,0,0,0,1,0,0,0,0,0,0,0,0,0
W412,QUHO,W412-QUHO,0,0,0,0,0,1,0,0,0,0,0,0,0,0,0
W413,QUHO,W413-QUHO,0,0,0,0,0,1,0,0,0,0,0,0,0,0,0
W418,QUHO,W418-QUHO,0,0,0,0,0,1,0,0,0,0,0,0,0,0,0
W421,QUPE,W421-QUPE,0,0,0,0,0,1,1,1,1,1,1,0,0,0,1
W422,QUHO,W422-QUHO,0,0,0,0,0,1,0,0,0,0,0,0,0,0,0
W423,QUHO,W423-QUHO,0,0,0,0,0,1,0,0,0,0,0,0,0,0,0
W427,QUPE,W427-QUPE,0,0,0,0,0,0,0,1,1,0,1,1,0,0,0
W430,QUHO,W430-QUHO,0,0,0,0,0,1,0,0,0,0,0,0,0,0,0
W431,QUPE,W431-QUPE,0,0,0,0,0,1,0,1,0,0,0,0,0,0,0
W432,QUPE,W432-QUPE,0,0,0,0,0,1,0,0,0,0,0,0,0,0,0
W433,QUHO,W433-QUHO,0,0,0,0,0,1,0,0,0,0,0,0,0,0,0
W438,QUHO,W438-QUHO,0,0,0,0,0,0,0,1,1,1,1,0,1,0,1
W440,QUPE,W440-QUPE,0,0,0,0,0,1,0,0,0,0,0,0,0,0,0
W441,QUHO,W441-QUHO,0,0,0,0,0,1,0,0,0,0,0,0,0,0,0
W442,QUHO,W442-QUHO,0,0,0,0,0,1,0,0,0,0,0,0,0,0,0
W451,QUHO,W451-QUHO,0,0,0,0,0,1,0,0,0,0,0,0,0,0,0
W452,QUPE,W452-QUPE,0,0,0,0,0,1,0,0,0,0,0,0,0,0,0
W456,QUHO,W456-QUHO,0,0,0,0,0,0,0,1,0,1,1,1,1,0,1
W460,QUPE,W460-QUPE,0,0,0,0,0,1,0,0,0,0,0,0,0,0,0
W461,QUHO,W461-QUHO,0,0,0,0,0,1,0,0,0,0,0,0,0,0,0
W470,QUHO,W470-QUHO,0,0,0,0,0,1,0,0,0,0,0,0,0,0,0
W471,QUHO,W471-QUHO,0,0,0,0,0,1,0,0,0,0,0,0,0,0,0
W475,QUHO,W475-QUHO,0,0,0,0,0,0,0,1,1,1,1,0,1,1,0
W480,QUPE,W480-QUPE,0,0,0,0,0,1,1,1,0,0,1,1,0,0,0
W481,QUHO,W481-QUHO,0,0,0,0,0,1,0,0,0,0,0,0,0,0,0
W490,QUHO,W490-QUHO,0,0,0,0,0,1,0,0,0,0,0,0,0,0,0
W491,QUHO,W491-QUHO,0,0,0,0,0,1,0,0,0,0,0,0,0,0,0
W682,QUHO,W682-QUHO,0,0,0,0,0,0,0,1,1,1,1,1,0,0,0
Y000Y001Y045,QUHO,Y000Y001Y045-QUHO,1,1,1,1,1,0,1,1,1,1,1,0,1,0,0
Y002Y014,QUHO,Y002Y014-QUHO,1,1,1,1,1,1,0,0,0,1,0,0,1,0,0
Y003Y013,QUHO,Y003Y013-QUHO,1,0,0,1,1,1,0,0,0,1,1,0,1,1,0
Y004,QUHO,Y004-QUHO,0,0,1,1,1,1,0,0,0,0,0,0,0,0,0
Y005,QUHO,Y005-QUHO,0,1,0,1,1,1,0,0,0,0,0,0,0,0,0
Y006,QUHO,Y006-QUHO,0,0,1,1,1,1,0,0,0,0,0,0,0,0,0
Y006Y009,QUPE,Y006Y009-QUPE,0,0,0,0,0,0,0,0,0,1,1,0,1,1,0
Y007,QUHO,Y007-QUHO,0,0,0,1,1,1,0,0,0,0,0,0,0,0,0
Y008,QUHO,Y008-QUHO,1,1,1,0,1,0,0,0,0,0,0,0,0,0,0
Y009,QUHO,Y009-QUHO,1,0,0,1,1,1,0,0,0,0,0,0,0,0,0
Y010,QUHO,Y010-QUHO,1,1,1,1,1,1,0,0,0,0,0,0,0,0,0
Y011,QUHO,Y011-QUHO,0,1,0,1,0,1,0,0,0,0,0,0,0,0,0
Y012,QUHO,Y012-QUHO,1,0,0,1,1,1,0,0,0,0,0,0,0,0,0
Y015,QUHO,Y015-QUHO,0,1,1,1,1,1,0,0,0,0,0,0,0,0,0
Y016,QUHO,Y016-QUHO,0,0,1,1,1,1,0,0,0,0,0,0,0,0,0
Y017,QUHO,Y017-QUHO,0,0,1,1,1,0,0,0,0,0,0,0,0,0,0
Y018,QUHO,Y018-QUHO,1,1,1,1,1,1,0,0,0,0,0,0,0,0,0
Y019,QUHO,Y019-QUHO,1,1,0,0,0,1,0,0,0,0,0,0,0,0,0
Y020,QUHO,Y020-QUHO,0,1,1,0,1,1,0,0,0,0,0,0,0,0,0
Y021,QUHO,Y021-QUHO,0,0,1,1,0,1,0,0,1,1,1,0,0,1,1
Y022,QUHO,Y022-QUHO,0,1,1,0,1,0,0,0,0,0,0,0,0,0,0
Y023Y024,QUHO,Y023Y024-QUHO,0,1,1,1,1,1,1,1,0,1,1,0,1,0,1
Y025,QUHO,Y025-QUHO,0,1,1,1,1,1,0,0,0,0,0,0,0,1,0
Y026,QUHO,Y026-QUHO,0,0,1,1,0,0,0,0,0,0,0,0,0,0,0
Y027,QUHO,Y027-QUHO,1,0,1,1,0,1,0,0,0,0,0,0,0,0,0
Y028,QUHO,Y028-QUHO,0,1,1,1,1,1,0,0,0,0,0,0,0,0,0
Y029,QUHO,Y029-QUHO,1,0,1,0,1,0,0,0,0,0,0,0,0,0,0
Y030,QUHO,Y030-QUHO,1,0,0,1,1,0,0,0,0,0,0,0,0,0,0
Y031,QUHO,Y031-QUHO,1,1,0,1,1,1,0,0,0,0,0,0,0,0,0
Y033,QUHO,Y033-QUHO,1,0,1,0,0,1,0,0,0,0,0,0,0,0,0
Y033Y025,QUHO,Y033Y025-QUHO,0,0,0,0,0,0,0,0,0,0,1,1,0,0,0
Y034,QUHO,Y034-QUHO,0,0,1,1,0,0,0,0,0,0,0,0,0,0,0
Y034Y026,QUHO,Y034Y026-QUHO,0,0,0,0,0,0,0,0,0,0,1,1,1,1,0
Y035,QUHO,Y035-QUHO,0,0,0,1,0,0,0,0,0,0,0,0,0,0,0
Y036,QUHO,Y036-QUHO,1,0,1,0,1,1,0,0,0,0,0,0,0,0,0
Y037,QUHO,Y037-QUHO,1,0,1,1,1,1,0,0,0,0,0,0,0,0,0
Y038,QUHO,Y038-QUHO,1,1,1,0,0,0,0,0,0,0,0,0,0,0,0
Y039,QUHO,Y039-QUHO,1,0,0,1,1,1,0,0,0,0,0,0,0,0,0
Y040,QUHO,Y040-QUHO,1,1,1,1,1,1,0,0,0,0,0,0,0,0,0
Y041,QUHO,Y041-QUHO,0,0,1,1,1,0,0,0,0,0,0,0,0,0,0
Y042,QUHO,Y042-QUHO,0,0,0,1,1,1,0,0,0,0,0,0,0,0,0
Y042Y012,QUPE,Y042Y012-QUPE,0,0,0,0,0,0,0,0,0,1,1,1,1,0,0
Y043,QUHO,Y043-QUHO,1,0,1,1,1,1,0,0,0,0,0,0,0,0,0
Y044,QUHO,Y044-QUHO,0,0,0,1,1,1,0,0,0,0,0,0,0,0,0
Y046,QUHO,Y046-QUHO,0,1,1,0,1,1,0,0,0,0,0,0,0,0,0
Y047,QUHO,Y047-QUHO,0,0,1,1,1,1,0,0,0,0,0,0,0,0,0
Y048,QUHO,Y048-QUHO,0,1,1,0,1,1,0,0,0,0,0,0,0,0,0
Y049,QUHO,Y049-QUHO,1,1,1,1,0,1,0,0,0,0,0,0,0,0,0
Y050,QUHO,Y050-QUHO,1,0,0,0,1,1,0,0,0,0,0,0,0,0,0
Y051,QUPE,Y051-QUPE,1,1,1,1,1,1,0,0,0,0,0,0,0,0,0
Y052,QUHO,Y052-QUHO,1,1,1,0,1,1,0,0,0,0,0,0,0,0,0
Y053,QUPE,Y053-QUPE,0,1,1,0,1,1,0,0,0,0,0,0,0,0,0
Y054,QUPE,Y054-QUPE,0,1,1,1,1,1,0,0,0,0,0,0,0,0,0
Y055,QUHO,Y055-QUHO,1,0,1,1,1,1,0,0,0,0,0,0,0,0,0
Y056,QUPE,Y056-QUPE,0,0,1,1,1,0,0,0,0,0,0,0,0,0,0
Y057,QUPE,Y057-QUPE,1,1,1,1,1,1,0,0,0,0,0,0,0,0,0
Y058,QUPE,Y058-QUPE,0,1,0,0,1,0,0,0,0,0,0,0,0,0,0
Y059,QUHO,Y059-QUHO,1,1,1,1,1,0,0,0,0,0,0,0,0,0,0
Y060,QUPE,Y060-QUPE,0,0,1,1,1,1,0,0,0,0,0,0,0,0,0
Y061,QUPE,Y061-QUPE,1,1,1,1,1,1,0,0,0,0,0,0,0,0,0
Y062,QUPE,Y062-QUPE,0,1,1,0,1,1,0,0,0,0,0,0,0,0,0
Y063,QUPE,Y063-QUPE,0,0,0,1,1,1,0,0,0,0,0,0,0,0,0
Y064,QUPE,Y064-QUPE,1,0,1,1,1,1,0,0,0,0,0,0,0,0,0
Y065,QUPE,Y065-QUPE,1,0,1,1,1,1,0,0,0,0,0,0,0,0,0
Y066,QUPE,Y066-QUPE,1,1,1,1,1,1,0,0,0,0,0,0,0,0,0
Y067,QUPE,Y067-QUPE,0,1,1,1,0,1,0,0,0,0,0,0,0,0,0
Y068,QUPE,Y068-QUPE,1,0,0,0,0,0,0,0,0,0,0,0,0,0,0
Y069,QUPE,Y069-QUPE,0,0,1,1,1,1,0,0,0,0,0,0,0,0,0
Y070,QUPE,Y070-QUPE,0,1,1,1,1,0,0,0,0,0,0,0,0,0,0
Y071,QUPE,Y071-QUPE,0,1,1,0,0,0,0,0,0,0,0,0,0,0,0
Y072,QUHO,Y072-QUHO,1,0,1,1,0,1,0,0,0,0,0,0,0,0,0
Y085,QUHO,Y085-QUHO,0,0,0,0,1,0,0,0,0,0,0,0,0,0,0
Y100Y110,QUHO,Y100Y110-QUHO,0,0,0,0,0,0,0,0,0,0,0,1,0,0,0
Y101Y102,QUHO,Y101Y102-QUHO,0,0,0,0,0,0,0,0,0,0,0,1,1,1,0
Y168Y188,QUHO,Y168Y188-QUHO,0,0,0,0,0,0,0,0,0,0,0,1,1,0,1
Y189Y197,QUHO,Y189Y197-QUHO,0,0,0,0,0,0,0,0,0,0,0,1,0,0,0
Y198Y199,QUHO,Y198Y199-QUHO,0,0,0,0,0,0,0,0,0,0,0,1,1,0,0
Y299,QUHO,Y299-QUHO,0,1,1,1,0,1,0,0,0,0,0,0,0,0,0
Y300,QUHO,Y300-QUHO,1,0,1,1,0,0,0,0,0,0,0,0,0,0,0
Y301,QUHO,Y301-QUHO,0,0,1,1,1,1,0,0,0,0,0,0,0,0,0
Y302,QUHO,Y302-QUHO,1,1,1,0,1,0,0,0,0,0,0,0,0,0,0
Y303,QUHO,Y303-QUHO,0,1,0,0,1,0,0,0,0,0,0,0,0,0,0
Y304,QUHO,Y304-QUHO,1,0,0,0,1,0,0,0,0,0,0,0,0,0,0
Y305,QUHO,Y305-QUHO,0,1,1,0,1,1,0,0,0,0,0,0,0,0,0
Y306,QUHO,Y306-QUHO,0,1,0,1,1,1,0,0,0,0,0,0,0,0,0
Y307,QUHO,Y307-QUHO,0,1,1,1,1,1,0,0,0,0,0,0,0,0,0
Y308,QUHO,Y308-QUHO,0,1,1,1,1,1,0,0,0,0,0,0,0,0,0
Y309,QUHO,Y309-QUHO,0,1,1,1,1,1,0,0,0,0,0,0,0,0,0
Y310,QUHO,Y310-QUHO,1,1,1,0,1,0,0,0,0,0,0,0,0,0,0
Y311,QUHO,Y311-QUHO,1,1,1,1,1,0,0,0,0,0,0,0,0,0,0
Y312,QUHO,Y312-QUHO,0,1,1,0,1,0,0,0,0,0,0,0,0,0,0
Y313,QUHO,Y313-QUHO,0,0,1,0,1,1,0,0,0,0,0,0,0,0,0
Y314,QUHO,Y314-QUHO,1,1,0,1,0,0,0,0,0,0,0,0,0,0,0
Y315,QUHO,Y315-QUHO,0,1,1,1,1,1,0,0,0,0,0,0,0,0,0
Y316,QUHO,Y316-QUHO,0,1,1,1,0,1,0,0,0,0,0,0,0,0,0
Y317,QUHO,Y317-QUHO,0,1,1,0,1,0,0,0,0,0,0,0,0,0,0
Y318,QUHO,Y318-QUHO,1,1,1,1,1,1,0,0,0,0,0,0,0,0,0
Y319,QUHO,Y319-QUHO,0,1,1,0,1,1,0,0,0,0,0,0,0,0,0
Y320,QUHO,Y320-QUHO,1,1,0,1,1,0,0,0,0,0,0,0,0,0,0
Y321,QUHO,Y321-QUHO,0,1,1,1,1,1,0,0,0,0,0,0,0,0,0
Y322,QUPE,Y322-QUPE,0,1,1,1,0,1,0,0,0,0,0,0,0,0,0
Y323,QUHO,Y323-QUHO,0,1,1,1,1,0,0,0,0,0,0,0,0,0,0
Y324,QUHO,Y324-QUHO,1,0,1,1,1,1,0,0,0,0,0,0,0,0,0
Y325,QUHO,Y325-QUHO,1,0,0,1,1,0,0,0,0,0,0,0,0,0,0
Y326,QUHO,Y326-QUHO,0,0,1,1,1,0,0,0,0,0,0,0,0,0,0
Y327,QUHO,Y327-QUHO,1,1,0,1,0,1,0,0,0,0,0,0,0,0,0
Y328,QUHO,Y328-QUHO,0,1,0,0,0,0,0,0,0,0,0,0,0,0,0
Y329,QUHO,Y329-QUHO,0,0,0,1,0,1,0,0,0,0,0,0,0,0,0
Y330,QUHO,Y330-QUHO,0,1,0,1,0,0,0,0,0,0,0,0,0,0,0
Y331,QUHO,Y331-QUHO,0,1,0,1,0,0,0,0,0,0,0,0,0,0,0
Y332,QUPE,Y332-QUPE,1,1,0,0,1,1,0,0,0,0,0,0,0,0,0
Y333,QUHO,Y333-QUHO,1,0,0,0,1,0,0,0,0,0,0,0,0,0,0
Y334,QUPE,Y334-QUPE,0,1,1,1,1,1,0,0,0,0,0,0,0,0,0
Y335,QUPE,Y335-QUPE,0,1,1,1,1,1,0,0,0,0,0,0,0,0,0
Y336,QUPE,Y336-QUPE,0,1,1,0,1,0,0,0,0,0,0,0,0,0,0
Y337,QUPE,Y337-QUPE,1,1,0,1,1,0,0,0,0,0,0,0,0,0,0
Y338,QUPE,Y338-QUPE,1,0,0,0,1,0,0,0,0,0,0,0,0,0,0
Y339,QUPE,Y339-QUPE,0,1,0,1,1,1,0,0,0,0,0,0,0,0,0
Y340,QUPE,Y340-QUPE,0,0,1,1,1,1,0,1,1,0,1,1,0,0,0
Y341,QUPE,Y341-QUPE,0,0,0,0,1,1,0,0,0,0,0,0,0,0,0
Y342,QUPE,Y342-QUPE,0,1,1,0,1,0,0,0,0,0,0,0,0,0,0
Y343,QUPE,Y343-QUPE,0,1,1,1,1,1,0,0,0,0,0,0,0,0,0
Y344,QUPE,Y344-QUPE,1,0,0,0,0,0,0,0,0,0,0,0,0,0,0
Y345,QUPE,Y345-QUPE,1,1,1,0,0,0,0,0,0,0,0,0,0,0,0
Y346,QUPE,Y346-QUPE,0,1,0,1,1,0,0,0,0,0,0,0,0,0,0
Y347,QUPE,Y347-QUPE,0,1,0,0,0,0,0,0,0,0,0,0,0,0,0
Y348,QUPE,Y348-QUPE,1,0,1,0,1,1,0,0,0,0,0,0,0,0,0
Y349,QUPE,Y349-QUPE,1,0,0,0,0,0,0,0,0,0,0,0,0,0,0
Y350,QUHO,Y350-QUHO,0,0,0,0,1,0,0,0,0,0,0,0,0,0,0
Y351,QUHO,Y351-QUHO,1,0,1,1,0,1,0,0,0,0,0,0,0,0,0
Y352,QUHO,Y352-QUHO,1,1,1,1,1,1,0,0,0,0,0,0,0,0,0
Y353,QUHO,Y353-QUHO,1,1,1,0,1,1,0,0,0,0,0,0,0,0,0
Y354,QUHO,Y354-QUHO,0,1,0,0,1,0,0,0,0,0,0,0,0,0,0
Y356,QUHO,Y356-QUHO,1,1,1,1,0,1,0,0,0,0,0,0,0,0,0
Y357,QUHO,Y357-QUHO,0,1,1,1,1,1,0,0,0,0,0,0,0,0,0
Y358,QUHO,Y358-QUHO,0,1,1,1,1,1,0,0,0,0,0,0,0,0,0
Y359,QUHO,Y359-QUHO,0,1,1,0,0,0,0,0,0,0,0,0,0,0,0
Y360,QUHO,Y360-QUHO,0,0,0,1,0,0,0,0,0,0,0,0,0,0,0
Y361,QUHO,Y361-QUHO,0,1,1,0,1,1,0,0,0,0,0,0,0,0,0
Y362,QUHO,Y362-QUHO,0,1,0,0,1,0,0,0,0,0,0,0,0,0,0
Y363,QUHO,Y363-QUHO,1,1,1,1,1,0,0,0,0,0,0,0,0,0,0
Y364,QUHO,Y364-QUHO,1,0,0,0,0,0,0,0,0,0,0,0,0,0,0
Y365,QUPE,Y365-QUPE,0,1,0,0,1,0,0,0,0,0,0,0,0,0,0
Y366,QUPE,Y366-QUPE,0,1,0,1,1,0,0,0,0,0,0,0,0,0,0
Y367,QUPE,Y367-QUPE,0,1,1,0,1,1,0,0,0,0,0,0,0,0,0
Y368,QUPE,Y368-QUPE,1,1,1,0,0,0,0,0,0,0,0,0,0,0,0
Y369,QUPE,Y369-QUPE,0,0,1,0,1,0,0,0,0,0,0,0,0,0,0
Y370,QUPE,Y370-QUPE,1,1,1,0,1,0,0,0,0,0,0,0,0,0,0
Y371,QUPE,Y371-QUPE,1,1,1,0,1,0,0,1,0,0,0,0,0,0,0
Y372,QUPE,Y372-QUPE,1,1,1,0,1,1,0,0,0,0,1,1,1,0,0
Y373,QUPE,Y373-QUPE,1,0,0,0,1,0,0,0,0,0,0,0,0,0,0
Y374,QUPE,Y374-QUPE,0,1,1,0,0,1,0,0,0,0,0,0,0,0,0
Y375,QUPE,Y375-QUPE,0,1,0,1,1,1,0,0,0,0,0,0,0,0,0
Y376,QUPE,Y376-QUPE,0,0,1,1,1,0,0,0,0,0,0,0,0,0,0
Y662,QUPE,Y662-QUPE,1,1,1,1,1,0,0,0,0,0,0,0,0,0,0
Y663,QUPE,Y663-QUPE,0,0,1,0,0,0,0,0,0,0,0,0,0,0,0
Y664,QUPE,Y664-QUPE,0,0,0,1,1,1,0,0,0,0,0,0,0,0,0
Y665,QUPE,Y665-QUPE,0,0,0,1,1,1,0,0,0,0,0,0,0,0,0
Y666,QUPE,Y666-QUPE,1,1,1,1,1,1,0,0,0,0,0,0,0,0,0
Y668,QUPE,Y668-QUPE,0,0,0,1,1,0,0,0,0,0,0,0,0,0,0
Y669,QUPE,Y669-QUPE,0,0,1,1,1,1,0,0,0,0,0,0,0,0,0
Y670,QUPE,Y670-QUPE,0,0,1,1,1,0,0,0,0,0,0,0,0,0,0
Y671,QUHO,Y671-QUHO,0,0,1,1,1,1,0,0,0,0,0,0,0,0,0
Y672,QUHO,Y672-QUHO,0,0,1,1,0,0,0,0,0,0,0,0,0,0,0
Y673,QUHO,Y673-QUHO,0,0,1,1,1,1,0,0,0,0,0,0,0,0,0
Y674,QUHO,Y674-QUHO,0,0,0,1,1,1,0,0,0,0,0,0,0,0,0
Y675,QUHO,Y675-QUHO,0,0,0,1,1,1,0,0,0,0,0,0,0,0,0
Y676,QUPE,Y676-QUPE,0,0,1,0,0,0,0,0,0,0,0,0,0,0,0
Y677,QUHO,Y677-QUHO,0,0,0,1,1,1,0,0,0,0,0,0,0,0,0
Y678,QUHO,Y678-QUHO,0,0,1,1,1,0,0,0,0,0,0,0,0,0,0
Y679,QUHO,Y679-QUHO,1,0,0,1,1,0,0,0,0,0,0,0,0,0,0
Y680,QUHO,Y680-QUHO,1,1,1,1,1,1,0,0,0,0,0,0,0,0,0
Y681,QUHO,Y681-QUHO,0,0,0,1,1,1,0,0,0,0,0,0,0,0,0
Y683,QUHO,Y683-QUHO,0,0,1,0,1,0,0,0,0,0,0,0,0,0,0
Y684,QUHO,Y684-QUHO,0,0,0,1,1,0,0,0,0,0,0,0,0,0,0
Y685,QUHO,Y685-QUHO,0,0,1,1,1,1,0,0,0,0,0,0,0,0,0
Y686,QUHO,Y686-QUHO,0,0,0,0,0,1,0,0,0,0,0,0,0,0,0
Y687,QUHO,Y687-QUHO,0,0,0,1,1,0,0,0,0,0,0,0,0,0,0
Y688,QUHO,Y688-QUHO,0,0,1,1,1,1,0,0,0,0,0,0,0,0,0
Y689,QUHO,Y689-QUHO,0,0,0,1,1,1,0,0,0,0,0,0,0,0,0
Y690,QUHO,Y690-QUHO,0,0,1,1,1,1,0,0,0,0,0,0,0,0,0
Y691,QUHO,Y691-QUHO,0,0,1,1,1,1,0,0,0,0,0,0,0,0,0
Y692,QUHO,Y692-QUHO,0,0,1,0,1,1,0,0,0,0,0,0,0,0,0
Y693,QUHO,Y693-QUHO,0,0,1,0,1,1,0,0,0,0,0,0,0,0,0
Y694,QUHO,Y694-QUHO,0,0,0,1,1,0,0,0,0,0,0,0,0,0,0
Y695,QUHO,Y695-QUHO,0,0,1,1,1,0,0,0,0,0,0,0,0,0,0
Y696,QUHO,Y696-QUHO,0,0,0,0,1,1,0,0,0,0,0,0,0,0,0
Y697,QUHO,Y697-QUHO,0,0,1,0,1,0,0,0,0,0,0,0,0,0,0
Y702,QUHO,Y702-QUHO,0,0,0,1,1,0,0,0,0,0,0,0,0,0,0
Y703,QUPE,Y703-QUPE,0,0,1,1,1,1,0,0,0,0,0,0,0,0,0
Y704,QUPE,Y704-QUPE,0,0,1,0,1,0,0,0,0,0,0,0,0,0,0
Y705,QUPE,Y705-QUPE,0,0,0,1,1,1,0,0,0,0,0,0,0,0,0
Y706,QUPE,Y706-QUPE,0,0,0,1,0,1,0,0,0,0,0,0,0,0,0
Y707,QUHO,Y707-QUHO,0,0,1,0,1,0,0,0,0,0,0,0,0,0,0
Y708,QUHO,Y708-QUHO,0,0,1,1,1,1,0,0,0,0,0,0,0,0,0
Y709,QUHO,Y709-QUHO,0,0,1,0,1,0,0,0,0,0,0,0,0,0,0
Y725,QUHO,Y725-QUHO,0,0,1,0,1,0,0,0,0,0,0,0,0,0,0
Y726,QUHO,Y726-QUHO,0,0,1,1,0,1,0,0,0,0,0,0,0,0,0
Y727,QUHO,Y727-QUHO,0,0,1,1,1,0,0,0,0,0,0,0,0,0,0
Y728,QUHO,Y728-QUHO,0,0,1,1,1,1,0,0,0,0,0,0,0,0,0
Y736,QUPE,Y736-QUPE,1,0,0,0,1,0,0,0,0,0,0,0,0,0,0
Y737,QUHO,Y737-QUHO,0,0,0,0,1,1,0,0,0,0,0,0,0,0,0
Y738,QUHO,Y738-QUHO,0,0,1,1,1,1,0,0,0,0,0,0,0,0,0
Y739,QUHO,Y739-QUHO,0,0,1,1,1,1,0,0,0,0,0,0,0,0,0
Y740,QUHO,Y740-QUHO,0,0,1,1,1,0,0,0,0,0,0,0,0,0,0
Y741,QUHO,Y741-QUHO,0,0,1,1,1,1,0,0,0,0,0,0,0,0,0
Y742,QUHO,Y742-QUHO,0,0,1,1,1,1,0,0,0,0,0,0,0,0,0
Y746,QUHO,Y746-QUHO,0,0,0,1,1,1,0,0,0,0,0,0,0,0,0
Y750,QUHO,Y750-QUHO,0,0,0,1,1,1,0,0,0,0,0,0,0,0,0
Y751,QUHO,Y751-QUHO,0,0,0,0,1,0,0,0,0,0,0,0,0,0,0
Y752,QUHO,Y752-QUHO,0,0,0,0,1,1,0,0,0,0,0,0,0,0,0
Y753,QUHO,Y753-QUHO,0,0,1,0,1,0,0,0,0,0,0,0,0,0,0
Y754,QUHO,Y754-QUHO,0,0,1,1,1,1,0,0,0,0,0,0,0,0,0
Y755,QUHO,Y755-QUHO,0,0,1,1,1,1,0,0,0,0,0,0,0,0,0
Y756,QUPE,Y756-QUPE,0,0,1,0,1,0,0,0,0,0,0,0,0,0,0
Y757,QUHO,Y757-QUHO,0,0,1,1,1,0,0,0,0,0,0,0,0,0,0
Y765,QUPE,Y765-QUPE,0,0,0,1,1,0,0,0,0,0,0,0,0,0,0
Y767,QUHO,Y767-QUHO,0,0,0,0,0,1,0,0,0,0,0,0,0,0,0
Y768,QUHO,Y768-QUHO,0,0,0,1,1,1,0,0,0,0,0,0,0,0,0
Y769,QUHO,Y769-QUHO,0,0,0,1,1,1,0,0,0,0,0,0,0,0,0
Y770,QUHO,Y770-QUHO,0,0,0,0,1,1,0,0,0,0,0,0,0,0,0
Y771,QUHO,Y771-QUHO,0,0,0,0,0,1,0,0,0,0,0,0,0,0,0
Y772,QUHO,Y772-QUHO,0,0,0,1,1,0,0,0,0,0,0,0,0,0,0
Y773,QUHO,Y773-QUHO,0,0,0,1,0,1,0,0,0,0,0,0,0,0,0
Y775,QUPE,Y775-QUPE,0,0,0,1,0,1,0,0,0,0,0,0,0,0,0
Y776,QUHO,Y776-QUHO,0,0,0,0,1,0,0,0,0,0,0,0,0,0,0
Y777,QUHO,Y777-QUHO,0,0,0,0,1,1,0,0,0,0,0,0,0,0,0
Y778,QUHO,Y778-QUHO,0,0,0,1,1,1,0,0,0,0,0,0,0,0,0
Y779,QUHO,Y779-QUHO,0,0,0,0,1,0,0,0,0,0,0,0,0,0,0
Y781,QUPE,Y781-QUPE,0,0,1,1,1,1,0,0,0,0,0,0,0,0,0
Y782,QUHO,Y782-QUHO,0,0,0,0,1,1,0,0,0,0,0,0,0,0,0
Y783,QUHO,Y783-QUHO,0,0,1,1,1,1,0,0,0,0,0,0,0,0,0
Y786,QUPE,Y786-QUPE,0,0,0,0,1,1,0,0,0,0,0,0,0,0,0
Y787,QUHO,Y787-QUHO,0,0,1,1,1,1,0,0,0,0,0,0,0,0,0
Y788,QUHO,Y788-QUHO,0,0,1,1,1,1,0,0,0,0,0,0,0,0,0
Y789,QUHO,Y789-QUHO,0,0,1,1,1,0,0,0,0,0,0,0,0,0,0
Y790,QUHO,Y790-QUHO,0,0,1,0,1,1,0,0,0,0,0,0,0,0,0
Y800,QUPE,Y800-QUPE,1,1,1,0,0,0,0,0,0,0,0,0,0,0,0
Y803,QUHO,Y803-QUHO,0,0,1,1,1,1,0,0,0,0,0,0,0,0,0
Y804,QUHO,Y804-QUHO,0,0,1,0,1,1,0,0,0,0,0,0,0,0,0
Y805,QUPE,Y805-QUPE,0,0,1,1,1,1,0,0,0,0,0,0,0,0,0
Y806,QUHO,Y806-QUHO,0,1,1,1,1,1,0,0,0,0,0,0,0,0,0
Y807,QUHO,Y807-QUHO,1,1,1,0,0,0,0,0,0,0,0,0,0,0,0
Y808,QUHO,Y808-QUHO,1,0,1,0,1,1,0,0,0,0,0,0,0,0,0
Y809,QUHO,Y809-QUHO,0,0,0,1,0,1,1,1,1,1,0,0,0,0,0
Y810,QUHO,Y810-QUHO,0,0,0,1,1,1,0,0,0,0,0,0,0,0,0
Y811,QUHO,Y811-QUHO,0,0,1,0,0,0,0,0,0,0,0,0,0,0,0
Y813,QUPE,Y813-QUPE,0,0,1,1,1,1,0,0,0,0,0,0,0,0,0
Y814,QUHO,Y814-QUHO,0,0,1,1,1,1,0,0,0,0,0,0,0,0,0
Y815,QUHO,Y815-QUHO,0,0,1,0,1,0,0,0,0,0,0,0,0,0,0
Y816,QUHO,Y816-QUHO,0,0,0,1,1,0,1,1,1,1,0,0,0,0,1
Y817,QUHO,Y817-QUHO,0,0,1,0,0,0,0,0,0,0,0,0,0,0,0
Y818,QUPE,Y818-QUPE,0,0,1,0,1,1,0,0,0,0,0,0,0,0,0
Y819,QUHO,Y819-QUHO,0,0,1,0,1,1,0,0,0,0,0,0,0,0,0
Y820,QUHO,Y820-QUHO,0,0,0,1,1,1,0,0,0,0,0,0,0,0,0
Y822,QUHO,Y822-QUHO,0,0,0,1,0,1,0,0,0,0,0,0,0,0,0
Y823,QUHO,Y823-QUHO,0,0,1,1,1,1,0,0,0,0,0,0,0,0,0
Y824,QUHO,Y824-QUHO,0,0,0,1,1,1,0,0,0,0,0,0,0,0,0
Y825,QUHO,Y825-QUHO,0,0,1,0,1,0,0,0,0,0,0,0,0,0,0
Y826,QUHO,Y826-QUHO,0,0,1,0,1,0,0,0,0,0,0,0,0,0,0
Y828,QUHO,Y828-QUHO,0,0,0,1,1,0,0,0,0,0,0,0,0,0,0
Y829,QUHO,Y829-QUHO,0,0,0,1,1,1,0,0,0,0,0,0,0,0,0
Y830,QUHO,Y830-QUHO,0,0,1,0,1,1,0,0,0,0,0,0,0,0,0
Y831,QUHO,Y831-QUHO,0,1,1,1,1,0,0,0,0,0,0,0,0,0,0
Y832,QUHO,Y832-QUHO,0,0,1,1,1,1,0,0,0,0,0,0,0,0,0
Y833,QUHO,Y833-QUHO,0,0,1,0,1,1,0,0,0,0,0,0,0,0,0
Y834,QUHO,Y834-QUHO,0,0,1,1,1,1,0,0,0,0,0,0,0,0,0
Y835,QUHO,Y835-QUHO,0,0,1,1,1,1,0,0,0,0,0,0,1,1,0
Y836,QUHO,Y836-QUHO,0,0,1,1,0,1,0,0,0,0,0,0,0,0,0
Y837,QUHO,Y837-QUHO,0,0,0,0,1,1,0,0,0,0,0,0,0,0,0
Y838,QUHO,Y838-QUHO,0,0,0,0,1,0,0,0,0,0,0,0,0,0,0
Y839,QUHO,Y839-QUHO,0,0,1,1,1,1,0,0,0,0,0,0,0,0,0
Y840,QUHO,Y840-QUHO,0,0,1,1,1,1,0,0,0,0,0,0,0,0,0
Y857,QUPE,Y857-QUPE,0,0,0,1,1,1,0,0,0,0,0,0,0,0,0
Y858,QUHO,Y858-QUHO,0,0,1,1,1,1,0,0,0,0,0,0,0,0,0
Y859,QUHO,Y859-QUHO,0,0,0,0,1,1,0,0,0,0,0,0,0,0,0
Y860,QUHO,Y860-QUHO,0,0,1,1,0,1,0,0,0,0,0,0,0,0,0
Y861,QUHO,Y861-QUHO,0,0,0,0,1,1,0,0,0,0,0,0,0,0,0
Y862,QUHO,Y862-QUHO,0,0,1,0,1,0,0,0,0,0,0,0,0,0,0
Y864,QUPE,Y864-QUPE,0,0,1,1,1,1,0,0,0,0,0,0,0,0,0
Y866,QUPE,Y866-QUPE,0,0,1,0,0,1,0,0,0,0,0,0,0,0,0
Y868,QUHO,Y868-QUHO,0,0,0,1,1,0,0,0,0,0,0,0,0,0,0
Y869,QUHO,Y869-QUHO,0,0,1,0,1,0,0,0,0,0,0,0,0,0,0
Y870,QUHO,Y870-QUHO,1,1,1,0,0,0,0,0,0,0,0,0,0,0,0
Y872,QUHO,Y872-QUHO,0,0,0,0,1,1,0,0,0,0,0,0,0,0,0
Y874,QUPE,Y874-QUPE,0,0,1,1,1,0,0,0,0,0,0,0,0,0,0
Y879,QUPE,Y879-QUPE,0,0,0,1,1,0,0,1,0,0,0,0,1,0,0
Y887,QUPE,Y887-QUPE,0,0,1,1,1,1,0,0,0,0,0,0,0,0,0
Y888,QUHO,Y888-QUHO,0,0,0,1,1,1,1,1,0,1,1,0,1,0,1
Y889,QUHO,Y889-QUHO,0,0,0,0,1,0,0,0,0,0,0,0,0,0,0
Y890,QUHO,Y890-QUHO,0,0,0,1,1,1,0,0,0,0,0,0,0,0,0
Y891,QUHO,Y891-QUHO,0,0,0,1,1,0,0,0,0,0,0,0,0,0,0
Y893,QUHO,Y893-QUHO,0,0,0,1,1,0,0,0,0,0,0,0,0,0,0
Y894,QUHO,Y894-QUHO,0,0,0,1,0,1,0,0,0,0,0,0,0,0,0
Y895,QUPE,Y895-QUPE,0,0,0,1,1,1,0,0,0,0,0,0,0,0,0
Y897,QUHO,Y897-QUHO,0,0,0,1,1,1,0,0,0,0,0,0,0,0,0
Y898,QUHO,Y898-QUHO,0,0,0,1,0,1,1,1,1,0,0,0,0,0,0
Y899,QUHO,Y899-QUHO,0,0,0,1,0,1,0,0,0,0,0,0,0,0,0
Y921,QUPE,Y921-QUPE,0,0,0,1,0,1,0,0,0,0,0,0,0,0,0
Y992,QUPE,Y992-QUPE,1,1,1,0,1,1,0,1,1,0,1,0,1,0,0
Y993,QUPE,Y993-QUPE,0,1,1,0,1,1,0,0,0,0,0,0,0,0,0
Y994,QUPE,Y994-QUPE,1,1,0,1,1,1,0,0,0,0,0,0,0,0,0
Y995,QUPE,Y995-QUPE,0,0,0,1,1,1,0,0,0,0,0,0,0,0,0
Y996,QUPE,Y996-QUPE,1,0,1,0,1,1,0,0,0,0,0,0,0,0,0
Y997,QUPE,Y997-QUPE,0,0,1,1,1,1,0,0,0,0,0,0,0,0,0
Y998,QUPE,Y998-QUPE,1,1,1,0,1,0,0,0,0,0,0,0,0,0,0
Y999,QUPE,Y999-QUPE,1,1,1,1,1,1,0,0,0,0,0,0,0,0,0
